combination,train_accuracy,test_accuracy,colsample_bytree,learning_rate,max_depth,n_estimators,alpha
1291,0.91,0.78,0.9,0.1,9,400,10
1296,0.91,0.78,0.9,0.1,9,500,10
996,0.90,0.78,0.7,0.1,9,500,10
991,0.90,0.78,0.7,0.1,9,400,10
1286,0.90,0.78,0.9,0.1,9,300,10
696,0.90,0.77,0.5,0.1,9,500,10
986,0.89,0.78,0.7,0.1,9,300,10
691,0.89,0.77,0.5,0.1,9,400,10
686,0.88,0.78,0.5,0.1,9,300,10
396,0.88,0.78,0.3,0.1,9,500,10
1281,0.87,0.78,0.9,0.1,9,200,10
971,0.87,0.78,0.7,0.1,7,500,10
1271,0.87,0.78,0.9,0.1,7,500,10
1266,0.87,0.78,0.9,0.1,7,400,10
966,0.87,0.78,0.7,0.1,7,400,10
671,0.87,0.78,0.5,0.1,7,500,10
391,0.87,0.78,0.3,0.1,9,400,10
981,0.87,0.78,0.7,0.1,9,200,10
1261,0.86,0.78,0.9,0.1,7,300,10
666,0.86,0.78,0.5,0.1,7,400,10
961,0.86,0.78,0.7,0.1,7,300,10
681,0.85,0.78,0.5,0.1,9,200,10
371,0.85,0.78,0.3,0.1,7,500,10
386,0.85,0.78,0.3,0.1,9,300,10
661,0.85,0.78,0.5,0.1,7,300,10
1256,0.84,0.78,0.9,0.1,7,200,10
366,0.84,0.78,0.3,0.1,7,400,10
1246,0.84,0.78,0.9,0.1,5,500,10
956,0.84,0.78,0.7,0.1,7,200,10
946,0.84,0.78,0.7,0.1,5,500,10
1276,0.83,0.78,0.9,0.1,9,100,10
1241,0.83,0.78,0.9,0.1,5,400,10
381,0.83,0.77,0.3,0.1,9,200,10
646,0.83,0.78,0.5,0.1,5,500,10
361,0.83,0.78,0.3,0.1,7,300,10
976,0.83,0.78,0.7,0.1,9,100,10
656,0.83,0.78,0.5,0.1,7,200,10
1287,0.83,0.78,0.9,0.1,9,300,20
1292,0.83,0.78,0.9,0.1,9,400,20
1297,0.83,0.78,0.9,0.1,9,500,20
941,0.83,0.78,0.7,0.1,5,400,10
992,0.83,0.78,0.7,0.1,9,400,20
997,0.83,0.78,0.7,0.1,9,500,20
697,0.83,0.78,0.5,0.1,9,500,20
987,0.83,0.78,0.7,0.1,9,300,20
692,0.83,0.78,0.5,0.1,9,400,20
641,0.83,0.78,0.5,0.1,5,400,10
1282,0.82,0.78,0.9,0.1,9,200,20
687,0.82,0.78,0.5,0.1,9,300,20
1236,0.82,0.78,0.9,0.1,5,300,10
676,0.82,0.78,0.5,0.1,9,100,10
346,0.82,0.78,0.3,0.1,5,500,10
982,0.82,0.78,0.7,0.1,9,200,20
397,0.82,0.78,0.3,0.1,9,500,20
936,0.82,0.78,0.7,0.1,5,300,10
1262,0.82,0.78,0.9,0.1,7,300,20
1267,0.82,0.78,0.9,0.1,7,400,20
1272,0.82,0.78,0.9,0.1,7,500,20
392,0.82,0.78,0.3,0.1,9,400,20
682,0.82,0.78,0.5,0.1,9,200,20
672,0.82,0.78,0.5,0.1,7,500,20
967,0.82,0.78,0.7,0.1,7,400,20
972,0.82,0.78,0.7,0.1,7,500,20
667,0.82,0.78,0.5,0.1,7,400,20
356,0.82,0.78,0.3,0.1,7,200,10
636,0.82,0.78,0.5,0.1,5,300,10
962,0.82,0.78,0.7,0.1,7,300,20
1251,0.82,0.78,0.9,0.1,7,100,10
341,0.82,0.78,0.3,0.1,5,400,10
662,0.82,0.78,0.5,0.1,7,300,20
1257,0.81,0.78,0.9,0.1,7,200,20
372,0.81,0.78,0.3,0.1,7,500,20
387,0.81,0.78,0.3,0.1,9,300,20
1231,0.81,0.78,0.9,0.1,5,200,10
957,0.81,0.78,0.7,0.1,7,200,20
1396,0.81,0.78,0.9,0.01,9,500,10
367,0.81,0.78,0.3,0.1,7,400,20
1277,0.81,0.78,0.9,0.1,9,100,20
1288,0.81,0.78,0.9,0.1,9,300,30
1293,0.81,0.78,0.9,0.1,9,400,30
1298,0.81,0.78,0.9,0.1,9,500,30
993,0.81,0.78,0.7,0.1,9,400,30
998,0.81,0.78,0.7,0.1,9,500,30
951,0.81,0.78,0.7,0.1,7,100,10
1096,0.81,0.78,0.7,0.01,9,500,10
988,0.81,0.78,0.7,0.1,9,300,30
1283,0.81,0.78,0.9,0.1,9,200,30
657,0.81,0.78,0.5,0.1,7,200,20
336,0.81,0.78,0.3,0.1,5,300,10
931,0.81,0.78,0.7,0.1,5,200,10
693,0.81,0.78,0.5,0.1,9,400,30
698,0.81,0.78,0.5,0.1,9,500,30
1391,0.81,0.78,0.9,0.01,9,400,10
977,0.81,0.78,0.7,0.1,9,100,20
362,0.81,0.78,0.3,0.1,7,300,20
983,0.81,0.78,0.7,0.1,9,200,30
651,0.81,0.78,0.5,0.1,7,100,10
376,0.81,0.77,0.3,0.1,9,100,10
688,0.81,0.78,0.5,0.1,9,300,30
96,0.81,0.77,0.1,0.1,9,500,10
1091,0.81,0.77,0.7,0.01,9,400,10
1242,0.81,0.78,0.9,0.1,5,400,20
1247,0.81,0.78,0.9,0.1,5,500,20
382,0.81,0.77,0.3,0.1,9,200,20
647,0.81,0.78,0.5,0.1,5,500,20
631,0.81,0.78,0.5,0.1,5,200,10
398,0.81,0.78,0.3,0.1,9,500,30
1268,0.81,0.78,0.9,0.1,7,400,30
1273,0.81,0.78,0.9,0.1,7,500,30
942,0.81,0.78,0.7,0.1,5,400,20
947,0.81,0.78,0.7,0.1,5,500,20
1237,0.81,0.78,0.9,0.1,5,300,20
1263,0.80,0.78,0.9,0.1,7,300,30
968,0.80,0.78,0.7,0.1,7,400,30
973,0.80,0.78,0.7,0.1,7,500,30
642,0.80,0.78,0.5,0.1,5,400,20
347,0.80,0.78,0.3,0.1,5,500,20
683,0.80,0.78,0.5,0.1,9,200,30
673,0.80,0.78,0.5,0.1,7,500,30
1289,0.80,0.78,0.9,0.1,9,300,40
1294,0.80,0.78,0.9,0.1,9,400,40
1299,0.80,0.78,0.9,0.1,9,500,40
668,0.80,0.78,0.5,0.1,7,400,30
963,0.80,0.78,0.7,0.1,7,300,30
796,0.80,0.77,0.5,0.01,9,500,10
937,0.80,0.78,0.7,0.1,5,300,20
1386,0.80,0.77,0.9,0.01,9,300,10
994,0.80,0.78,0.7,0.1,9,400,40
999,0.80,0.78,0.7,0.1,9,500,40
393,0.80,0.78,0.3,0.1,9,400,30
1258,0.80,0.78,0.9,0.1,7,200,30
1252,0.80,0.78,0.9,0.1,7,100,20
663,0.80,0.78,0.5,0.1,7,300,30
989,0.80,0.78,0.7,0.1,9,300,40
677,0.80,0.78,0.5,0.1,9,100,20
1284,0.80,0.78,0.9,0.1,9,200,40
71,0.80,0.77,0.1,0.1,7,500,10
1278,0.80,0.78,0.9,0.1,9,100,30
958,0.80,0.78,0.7,0.1,7,200,30
637,0.80,0.78,0.5,0.1,5,300,20
342,0.80,0.78,0.3,0.1,5,400,20
388,0.80,0.77,0.3,0.1,9,300,30
373,0.80,0.78,0.3,0.1,7,500,30
699,0.80,0.78,0.5,0.1,9,500,40
1232,0.80,0.78,0.9,0.1,5,200,20
1086,0.80,0.77,0.7,0.01,9,300,10
694,0.80,0.78,0.5,0.1,9,400,40
1221,0.80,0.78,0.9,0.1,3,500,10
921,0.80,0.78,0.7,0.1,3,500,10
357,0.80,0.78,0.3,0.1,7,200,20
984,0.80,0.78,0.7,0.1,9,200,40
658,0.80,0.78,0.5,0.1,7,200,30
952,0.80,0.78,0.7,0.1,7,100,20
331,0.80,0.78,0.3,0.1,5,200,10
1269,0.80,0.78,0.9,0.1,7,400,40
1274,0.80,0.78,0.9,0.1,7,500,40
689,0.80,0.78,0.5,0.1,9,300,40
1264,0.80,0.78,0.9,0.1,7,300,40
368,0.80,0.78,0.3,0.1,7,400,30
932,0.80,0.78,0.7,0.1,5,200,20
978,0.80,0.78,0.7,0.1,9,100,30
1397,0.80,0.78,0.9,0.01,9,500,20
1381,0.80,0.77,0.9,0.01,9,200,10
1290,0.80,0.78,0.9,0.1,9,300,50
1295,0.80,0.78,0.9,0.1,9,400,50
1300,0.80,0.78,0.9,0.1,9,500,50
91,0.80,0.77,0.1,0.1,9,400,10
351,0.80,0.76,0.3,0.1,7,100,10
969,0.80,0.78,0.7,0.1,7,400,40
974,0.80,0.78,0.7,0.1,7,500,40
684,0.80,0.78,0.5,0.1,9,200,40
1371,0.80,0.78,0.9,0.01,7,500,10
964,0.80,0.78,0.7,0.1,7,300,40
995,0.80,0.78,0.7,0.1,9,400,50
1000,0.80,0.78,0.7,0.1,9,500,50
337,0.80,0.78,0.3,0.1,5,300,20
791,0.80,0.77,0.5,0.01,9,400,10
669,0.80,0.78,0.5,0.1,7,400,40
674,0.80,0.78,0.5,0.1,7,500,40
621,0.80,0.78,0.5,0.1,3,500,10
363,0.80,0.78,0.3,0.1,7,300,30
990,0.80,0.78,0.7,0.1,9,300,50
632,0.80,0.78,0.5,0.1,5,200,20
1259,0.80,0.78,0.9,0.1,7,200,40
695,0.80,0.78,0.5,0.1,9,400,50
700,0.80,0.78,0.5,0.1,9,500,50
1279,0.80,0.78,0.9,0.1,9,100,40
1243,0.80,0.78,0.9,0.1,5,400,30
1248,0.80,0.78,0.9,0.1,5,500,30
1238,0.80,0.78,0.9,0.1,5,300,30
1285,0.80,0.78,0.9,0.1,9,200,50
664,0.80,0.78,0.5,0.1,7,300,40
916,0.80,0.78,0.7,0.1,3,400,10
399,0.80,0.78,0.3,0.1,9,500,40
1071,0.80,0.77,0.7,0.01,7,500,10
1253,0.80,0.78,0.9,0.1,7,100,30
985,0.80,0.78,0.7,0.1,9,200,50
959,0.80,0.78,0.7,0.1,7,200,40
1216,0.80,0.78,0.9,0.1,3,400,10
643,0.80,0.78,0.5,0.1,5,400,30
648,0.80,0.78,0.5,0.1,5,500,30
383,0.80,0.77,0.3,0.1,9,200,30
1081,0.80,0.77,0.7,0.01,9,200,10
943,0.80,0.78,0.7,0.1,5,400,30
948,0.80,0.78,0.7,0.1,5,500,30
1392,0.80,0.77,0.9,0.01,9,400,20
938,0.80,0.78,0.7,0.1,5,300,30
690,0.80,0.78,0.5,0.1,9,300,50
1097,0.80,0.77,0.7,0.01,9,500,20
1366,0.80,0.77,0.9,0.01,7,400,10
652,0.80,0.78,0.5,0.1,7,100,20
321,0.80,0.78,0.3,0.1,3,500,10
1226,0.80,0.78,0.9,0.1,5,100,10
394,0.80,0.78,0.3,0.1,9,400,40
348,0.80,0.78,0.3,0.1,5,500,30
678,0.80,0.77,0.5,0.1,9,100,30
374,0.80,0.78,0.3,0.1,7,500,40
659,0.80,0.78,0.5,0.1,7,200,40
926,0.80,0.78,0.7,0.1,5,100,10
953,0.80,0.78,0.7,0.1,7,100,30
66,0.80,0.77,0.1,0.1,7,400,10
638,0.80,0.78,0.5,0.1,5,300,30
46,0.80,0.77,0.1,0.1,5,500,10
979,0.80,0.78,0.7,0.1,9,100,40
1233,0.80,0.78,0.9,0.1,5,200,30
616,0.80,0.78,0.5,0.1,3,400,10
1265,0.80,0.78,0.9,0.1,7,300,50
1270,0.80,0.78,0.9,0.1,7,400,50
1275,0.80,0.78,0.9,0.1,7,500,50
389,0.79,0.77,0.3,0.1,9,300,40
1376,0.79,0.77,0.9,0.01,9,100,10
970,0.79,0.78,0.7,0.1,7,400,50
975,0.79,0.78,0.7,0.1,7,500,50
965,0.79,0.78,0.7,0.1,7,300,50
369,0.79,0.78,0.3,0.1,7,400,40
685,0.79,0.78,0.5,0.1,9,200,50
1066,0.79,0.77,0.7,0.01,7,400,10
933,0.79,0.78,0.7,0.1,5,200,30
343,0.79,0.78,0.3,0.1,5,400,30
670,0.79,0.78,0.5,0.1,7,400,50
675,0.79,0.78,0.5,0.1,7,500,50
1398,0.79,0.77,0.9,0.01,9,500,30
960,0.79,0.78,0.7,0.1,7,200,50
771,0.79,0.77,0.5,0.01,7,500,10
1387,0.79,0.77,0.9,0.01,9,300,20
1260,0.79,0.78,0.9,0.1,7,200,50
922,0.79,0.78,0.7,0.1,3,500,20
358,0.79,0.77,0.3,0.1,7,200,30
1211,0.79,0.78,0.9,0.1,3,300,10
665,0.79,0.78,0.5,0.1,7,300,50
1092,0.79,0.77,0.7,0.01,9,400,20
1222,0.79,0.78,0.9,0.1,3,500,20
1244,0.79,0.78,0.9,0.1,5,400,40
1249,0.79,0.78,0.9,0.1,5,500,40
1254,0.79,0.78,0.9,0.1,7,100,40
1239,0.79,0.78,0.9,0.1,5,300,40
364,0.79,0.77,0.3,0.1,7,300,40
644,0.79,0.78,0.5,0.1,5,400,40
649,0.79,0.78,0.5,0.1,5,500,40
939,0.79,0.78,0.7,0.1,5,300,40
944,0.79,0.78,0.7,0.1,5,400,40
949,0.79,0.78,0.7,0.1,5,500,40
400,0.79,0.78,0.3,0.1,9,500,50
633,0.79,0.78,0.5,0.1,5,200,30
338,0.79,0.78,0.3,0.1,5,300,30
1280,0.79,0.78,0.9,0.1,9,100,50
332,0.79,0.77,0.3,0.1,5,200,20
653,0.79,0.78,0.5,0.1,7,100,30
316,0.79,0.78,0.3,0.1,3,400,10
1372,0.79,0.77,0.9,0.01,7,500,20
639,0.79,0.78,0.5,0.1,5,300,40
786,0.79,0.77,0.5,0.01,9,300,10
1234,0.79,0.78,0.9,0.1,5,200,40
626,0.79,0.78,0.5,0.1,5,100,10
917,0.79,0.78,0.7,0.1,3,400,20
911,0.79,0.78,0.7,0.1,3,300,10
622,0.79,0.78,0.5,0.1,3,500,20
980,0.79,0.78,0.7,0.1,9,100,50
1227,0.79,0.78,0.9,0.1,5,100,20
954,0.79,0.78,0.7,0.1,7,100,40
395,0.79,0.78,0.3,0.1,9,400,50
349,0.79,0.78,0.3,0.1,5,500,40
1361,0.79,0.77,0.9,0.01,7,300,10
375,0.79,0.78,0.3,0.1,7,500,50
934,0.79,0.78,0.7,0.1,5,200,40
377,0.79,0.77,0.3,0.1,9,100,20
660,0.79,0.78,0.5,0.1,7,200,50
679,0.79,0.77,0.5,0.1,9,100,40
1393,0.79,0.77,0.9,0.01,9,400,30
1217,0.79,0.78,0.9,0.1,3,400,20
370,0.79,0.78,0.3,0.1,7,400,50
611,0.79,0.78,0.5,0.1,3,300,10
344,0.79,0.78,0.3,0.1,5,400,40
1496,0.79,0.77,0.9,0.001,9,500,10
797,0.79,0.77,0.5,0.01,9,500,20
1098,0.79,0.77,0.7,0.01,9,500,30
384,0.79,0.77,0.3,0.1,9,200,40
1072,0.79,0.78,0.7,0.01,7,500,20
1240,0.79,0.78,0.9,0.1,5,300,50
1245,0.79,0.78,0.9,0.1,5,400,50
1250,0.79,0.78,0.9,0.1,5,500,50
390,0.79,0.77,0.3,0.1,9,300,50
945,0.79,0.78,0.7,0.1,5,400,50
950,0.79,0.78,0.7,0.1,5,500,50
940,0.79,0.78,0.7,0.1,5,300,50
634,0.79,0.78,0.5,0.1,5,200,40
1061,0.79,0.77,0.7,0.01,7,300,10
322,0.79,0.78,0.3,0.1,3,500,20
927,0.79,0.78,0.7,0.1,5,100,20
617,0.79,0.78,0.5,0.1,3,400,20
1399,0.79,0.78,0.9,0.01,9,500,40
1491,0.79,0.77,0.9,0.001,9,400,10
1367,0.79,0.77,0.9,0.01,7,400,20
1255,0.79,0.78,0.9,0.1,7,100,50
365,0.79,0.77,0.3,0.1,7,300,50
1382,0.79,0.77,0.9,0.01,9,200,20
766,0.79,0.77,0.5,0.01,7,400,10
645,0.79,0.78,0.5,0.1,5,400,50
650,0.79,0.78,0.5,0.1,5,500,50
935,0.79,0.78,0.7,0.1,5,200,50
955,0.79,0.78,0.7,0.1,7,100,50
1076,0.79,0.77,0.7,0.01,9,100,10
1087,0.79,0.77,0.7,0.01,9,300,20
86,0.79,0.76,0.1,0.1,9,300,10
1223,0.79,0.78,0.9,0.1,3,500,30
339,0.79,0.78,0.3,0.1,5,300,40
311,0.79,0.78,0.3,0.1,3,300,10
640,0.79,0.78,0.5,0.1,5,300,50
912,0.79,0.78,0.7,0.1,3,300,20
1235,0.79,0.78,0.9,0.1,5,200,50
41,0.79,0.77,0.1,0.1,5,400,10
350,0.79,0.78,0.3,0.1,5,500,50
359,0.79,0.77,0.3,0.1,7,200,40
1212,0.79,0.78,0.9,0.1,3,300,20
1218,0.79,0.78,0.9,0.1,3,400,30
923,0.79,0.78,0.7,0.1,3,500,30
352,0.79,0.77,0.3,0.1,7,100,20
1228,0.79,0.77,0.9,0.1,5,100,30
1486,0.79,0.77,0.9,0.001,9,300,10
654,0.79,0.77,0.5,0.1,7,100,40
928,0.79,0.78,0.7,0.1,5,100,30
317,0.79,0.78,0.3,0.1,3,400,20
918,0.79,0.78,0.7,0.1,3,400,30
1206,0.79,0.78,0.9,0.1,3,200,10
345,0.79,0.77,0.3,0.1,5,400,50
623,0.79,0.78,0.5,0.1,3,500,30
1356,0.79,0.77,0.9,0.01,7,200,10
333,0.79,0.77,0.3,0.1,5,200,30
680,0.79,0.77,0.5,0.1,9,100,50
906,0.79,0.78,0.7,0.1,3,200,10
1481,0.79,0.76,0.9,0.001,9,200,10
612,0.79,0.78,0.5,0.1,3,300,20
1373,0.79,0.77,0.9,0.01,7,500,30
97,0.79,0.77,0.1,0.1,9,500,20
1388,0.79,0.77,0.9,0.01,9,300,30
1067,0.79,0.77,0.7,0.01,7,400,20
627,0.79,0.77,0.5,0.1,5,100,20
1394,0.79,0.77,0.9,0.01,9,400,40
1213,0.79,0.78,0.9,0.1,3,300,30
72,0.79,0.77,0.1,0.1,7,500,20
618,0.79,0.78,0.5,0.1,3,400,30
1093,0.79,0.77,0.7,0.01,9,400,30
340,0.79,0.77,0.3,0.1,5,300,50
635,0.79,0.78,0.5,0.1,5,200,50
1099,0.79,0.77,0.7,0.01,9,500,40
385,0.79,0.77,0.3,0.1,9,200,50
1400,0.79,0.77,0.9,0.01,9,500,50
1219,0.79,0.78,0.9,0.1,3,400,40
1224,0.79,0.78,0.9,0.1,3,500,40
913,0.79,0.78,0.7,0.1,3,300,30
61,0.79,0.76,0.1,0.1,7,300,10
323,0.79,0.78,0.3,0.1,3,500,30
1229,0.79,0.78,0.9,0.1,5,100,40
792,0.79,0.77,0.5,0.01,9,400,20
1073,0.79,0.77,0.7,0.01,7,500,30
360,0.79,0.77,0.3,0.1,7,200,50
326,0.79,0.77,0.3,0.1,5,100,10
1362,0.79,0.77,0.9,0.01,7,300,20
772,0.79,0.77,0.5,0.01,7,500,20
929,0.79,0.78,0.7,0.1,5,100,40
606,0.79,0.78,0.5,0.1,3,200,10
1207,0.79,0.78,0.9,0.1,3,200,20
628,0.79,0.77,0.5,0.1,5,100,30
334,0.79,0.77,0.3,0.1,5,200,40
655,0.79,0.77,0.5,0.1,7,100,50
1196,0.79,0.77,0.7,0.001,9,500,10
1476,0.79,0.76,0.9,0.001,9,100,10
1368,0.79,0.77,0.9,0.01,7,400,30
613,0.79,0.78,0.5,0.1,3,300,30
798,0.79,0.77,0.5,0.01,9,500,30
1214,0.79,0.78,0.9,0.1,3,300,40
312,0.79,0.78,0.3,0.1,3,300,20
907,0.79,0.78,0.7,0.1,3,200,20
1191,0.79,0.76,0.7,0.001,9,400,10
1056,0.79,0.77,0.7,0.01,7,200,10
919,0.79,0.78,0.7,0.1,3,400,40
924,0.79,0.78,0.7,0.1,3,500,40
1082,0.79,0.77,0.7,0.01,9,200,20
624,0.79,0.78,0.5,0.1,3,500,40
1346,0.79,0.77,0.9,0.01,5,500,10
47,0.79,0.77,0.1,0.1,5,500,20
378,0.79,0.76,0.3,0.1,9,100,30
1046,0.78,0.77,0.7,0.01,5,500,10
1374,0.78,0.78,0.9,0.01,7,500,40
1230,0.78,0.77,0.9,0.1,5,100,50
318,0.78,0.78,0.3,0.1,3,400,30
619,0.78,0.78,0.5,0.1,3,400,40
1186,0.78,0.76,0.7,0.001,9,300,10
930,0.78,0.77,0.7,0.1,5,100,50
1088,0.78,0.77,0.7,0.01,9,300,30
1395,0.78,0.77,0.9,0.01,9,400,50
1094,0.78,0.77,0.7,0.01,9,400,40
1377,0.78,0.76,0.9,0.01,9,100,20
914,0.78,0.78,0.7,0.1,3,300,40
1074,0.78,0.77,0.7,0.01,7,500,40
761,0.78,0.77,0.5,0.01,7,300,10
1100,0.78,0.77,0.7,0.01,9,500,50
1208,0.78,0.78,0.9,0.1,3,200,30
1383,0.78,0.77,0.9,0.01,9,200,30
607,0.78,0.78,0.5,0.1,3,200,20
1068,0.78,0.77,0.7,0.01,7,400,30
1389,0.78,0.77,0.9,0.01,9,300,40
1062,0.78,0.77,0.7,0.01,7,300,20
781,0.78,0.76,0.5,0.01,9,200,10
908,0.78,0.78,0.7,0.1,3,200,30
629,0.78,0.77,0.5,0.1,5,100,40
1220,0.78,0.78,0.9,0.1,3,400,50
1225,0.78,0.78,0.9,0.1,3,500,50
353,0.78,0.77,0.3,0.1,7,100,30
614,0.78,0.78,0.5,0.1,3,300,40
1181,0.78,0.76,0.7,0.001,9,200,10
313,0.78,0.77,0.3,0.1,3,300,30
1215,0.78,0.78,0.9,0.1,3,300,50
920,0.78,0.78,0.7,0.1,3,400,50
925,0.78,0.78,0.7,0.1,3,500,50
1375,0.78,0.77,0.9,0.01,7,500,50
1176,0.78,0.76,0.7,0.001,9,100,10
324,0.78,0.78,0.3,0.1,3,500,40
335,0.78,0.77,0.3,0.1,5,200,50
306,0.78,0.77,0.3,0.1,3,200,10
1369,0.78,0.77,0.9,0.01,7,400,40
496,0.78,0.75,0.3,0.01,9,500,10
625,0.78,0.78,0.5,0.1,3,500,50
92,0.78,0.76,0.1,0.1,9,400,20
767,0.78,0.77,0.5,0.01,7,400,20
21,0.78,0.77,0.1,0.1,3,500,10
620,0.78,0.78,0.5,0.1,3,400,50
67,0.78,0.76,0.1,0.1,7,400,20
319,0.78,0.78,0.3,0.1,3,400,40
1357,0.78,0.77,0.9,0.01,7,200,20
773,0.78,0.77,0.5,0.01,7,500,30
325,0.78,0.78,0.3,0.1,3,500,50
1347,0.78,0.77,0.9,0.01,5,500,20
1363,0.78,0.77,0.9,0.01,7,300,30
915,0.78,0.78,0.7,0.1,3,300,50
799,0.78,0.76,0.5,0.01,9,500,40
1075,0.78,0.77,0.7,0.01,7,500,50
1209,0.78,0.78,0.9,0.1,3,200,40
1089,0.78,0.77,0.7,0.01,9,300,40
608,0.78,0.78,0.5,0.1,3,200,30
630,0.78,0.77,0.5,0.1,5,100,50
787,0.78,0.76,0.5,0.01,9,300,20
1497,0.78,0.76,0.9,0.001,9,500,20
615,0.78,0.78,0.5,0.1,3,300,50
793,0.78,0.76,0.5,0.01,9,400,30
1047,0.78,0.77,0.7,0.01,5,500,20
1095,0.78,0.77,0.7,0.01,9,400,50
1069,0.78,0.77,0.7,0.01,7,400,40
746,0.78,0.77,0.5,0.01,5,500,10
909,0.78,0.78,0.7,0.1,3,200,40
320,0.78,0.77,0.3,0.1,3,400,50
327,0.78,0.77,0.3,0.1,5,100,20
609,0.78,0.78,0.5,0.1,3,200,40
314,0.78,0.77,0.3,0.1,3,300,40
1351,0.78,0.76,0.9,0.01,7,100,10
1341,0.78,0.77,0.9,0.01,5,400,10
1390,0.78,0.77,0.9,0.01,9,300,50
73,0.78,0.76,0.1,0.1,7,500,30
379,0.78,0.76,0.3,0.1,9,100,40
98,0.78,0.77,0.1,0.1,9,500,30
1384,0.78,0.77,0.9,0.01,9,200,40
36,0.78,0.76,0.1,0.1,5,300,10
1041,0.78,0.77,0.7,0.01,5,400,10
1063,0.78,0.77,0.7,0.01,7,300,30
354,0.78,0.76,0.3,0.1,7,100,40
1492,0.78,0.76,0.9,0.001,9,400,20
910,0.78,0.78,0.7,0.1,3,200,50
1083,0.78,0.76,0.7,0.01,9,200,30
307,0.78,0.77,0.3,0.1,3,200,20
1210,0.78,0.78,0.9,0.1,3,200,50
1370,0.78,0.77,0.9,0.01,7,400,50
42,0.78,0.76,0.1,0.1,5,400,20
315,0.78,0.77,0.3,0.1,3,300,50
774,0.78,0.76,0.5,0.01,7,500,40
48,0.78,0.77,0.1,0.1,5,500,30
610,0.78,0.77,0.5,0.1,3,200,50
1348,0.78,0.77,0.9,0.01,5,500,30
1487,0.78,0.76,0.9,0.001,9,300,20
1051,0.78,0.76,0.7,0.01,7,100,10
1364,0.78,0.77,0.9,0.01,7,300,40
768,0.78,0.76,0.5,0.01,7,400,30
1090,0.78,0.76,0.7,0.01,9,300,50
1070,0.78,0.77,0.7,0.01,7,400,50
800,0.78,0.76,0.5,0.01,9,500,50
1057,0.78,0.76,0.7,0.01,7,200,20
1077,0.78,0.76,0.7,0.01,9,100,20
1482,0.78,0.76,0.9,0.001,9,200,20
1342,0.78,0.77,0.9,0.01,5,400,20
794,0.78,0.76,0.5,0.01,9,400,40
1048,0.78,0.77,0.7,0.01,5,500,30
1378,0.78,0.76,0.9,0.01,9,100,30
308,0.78,0.77,0.3,0.1,3,200,30
328,0.78,0.76,0.3,0.1,5,100,30
747,0.78,0.77,0.5,0.01,5,500,20
1471,0.78,0.76,0.9,0.001,7,500,10
22,0.78,0.77,0.1,0.1,3,500,20
1064,0.78,0.76,0.7,0.01,7,300,40
1477,0.78,0.76,0.9,0.001,9,100,20
1042,0.78,0.77,0.7,0.01,5,400,20
74,0.78,0.76,0.1,0.1,7,500,40
1349,0.78,0.77,0.9,0.01,5,500,40
99,0.78,0.76,0.1,0.1,9,500,40
1049,0.78,0.77,0.7,0.01,5,500,40
380,0.78,0.76,0.3,0.1,9,100,50
1466,0.78,0.76,0.9,0.001,7,400,10
93,0.78,0.76,0.1,0.1,9,400,30
1385,0.78,0.76,0.9,0.01,9,200,50
49,0.78,0.76,0.1,0.1,5,500,40
16,0.78,0.76,0.1,0.1,3,400,10
775,0.78,0.76,0.5,0.01,7,500,50
1456,0.78,0.76,0.9,0.001,7,200,10
1461,0.78,0.76,0.9,0.001,7,300,10
901,0.78,0.77,0.7,0.1,3,100,10
762,0.78,0.76,0.5,0.01,7,300,20
68,0.78,0.76,0.1,0.1,7,400,30
1201,0.78,0.77,0.9,0.1,3,100,10
769,0.78,0.76,0.5,0.01,7,400,40
355,0.78,0.76,0.3,0.1,7,100,50
1084,0.78,0.76,0.7,0.01,9,200,40
1343,0.78,0.77,0.9,0.01,5,400,30
1358,0.78,0.76,0.9,0.01,7,200,30
788,0.78,0.76,0.5,0.01,9,300,30
309,0.78,0.77,0.3,0.1,3,200,40
741,0.78,0.76,0.5,0.01,5,400,10
1365,0.78,0.76,0.9,0.01,7,300,50
1197,0.78,0.76,0.7,0.001,9,500,20
1350,0.78,0.77,0.9,0.01,5,500,50
471,0.78,0.75,0.3,0.01,7,500,10
1498,0.78,0.76,0.9,0.001,9,500,30
1192,0.78,0.76,0.7,0.001,9,400,20
329,0.78,0.76,0.3,0.1,5,100,40
87,0.78,0.76,0.1,0.1,9,300,20
1493,0.78,0.76,0.9,0.001,9,400,30
756,0.78,0.76,0.5,0.01,7,200,10
1187,0.78,0.76,0.7,0.001,9,300,20
43,0.78,0.76,0.1,0.1,5,400,30
1451,0.78,0.76,0.9,0.001,7,100,10
1336,0.78,0.77,0.9,0.01,5,300,10
601,0.78,0.77,0.5,0.1,3,100,10
1478,0.78,0.76,0.9,0.001,9,100,30
1171,0.78,0.76,0.7,0.001,7,500,10
748,0.78,0.76,0.5,0.01,5,500,30
1352,0.78,0.76,0.9,0.01,7,100,20
1058,0.78,0.76,0.7,0.01,7,200,30
1488,0.78,0.76,0.9,0.001,9,300,30
1182,0.78,0.76,0.7,0.001,9,200,20
62,0.78,0.76,0.1,0.1,7,300,20
310,0.78,0.77,0.3,0.1,3,200,50
1483,0.78,0.76,0.9,0.001,9,200,30
902,0.78,0.77,0.7,0.1,3,100,20
795,0.77,0.76,0.5,0.01,9,400,50
1202,0.77,0.77,0.9,0.1,3,100,20
1166,0.77,0.76,0.7,0.001,7,400,10
1065,0.77,0.76,0.7,0.01,7,300,50
1161,0.77,0.76,0.7,0.001,7,300,10
23,0.77,0.76,0.1,0.1,3,500,30
1050,0.77,0.76,0.7,0.01,5,500,50
776,0.77,0.75,0.5,0.01,9,100,10
1043,0.77,0.76,0.7,0.01,5,400,30
1177,0.77,0.76,0.7,0.001,9,100,20
330,0.77,0.76,0.3,0.1,5,100,50
1379,0.77,0.76,0.9,0.01,9,100,40
1036,0.77,0.76,0.7,0.01,5,300,10
100,0.77,0.76,0.1,0.1,9,500,50
1472,0.77,0.76,0.9,0.001,7,500,20
75,0.77,0.76,0.1,0.1,7,500,50
742,0.77,0.76,0.5,0.01,5,400,20
1156,0.77,0.76,0.7,0.001,7,200,10
1203,0.77,0.77,0.9,0.1,3,100,30
1344,0.77,0.77,0.9,0.01,5,400,40
763,0.77,0.76,0.5,0.01,7,300,30
749,0.77,0.76,0.5,0.01,5,500,40
782,0.77,0.75,0.5,0.01,9,200,20
50,0.77,0.76,0.1,0.1,5,500,50
1462,0.77,0.76,0.9,0.001,7,300,20
94,0.77,0.76,0.1,0.1,9,400,40
1467,0.77,0.76,0.9,0.001,7,400,20
1078,0.77,0.76,0.7,0.01,9,100,30
1204,0.77,0.77,0.9,0.1,3,100,40
1457,0.77,0.76,0.9,0.001,7,200,20
903,0.77,0.77,0.7,0.1,3,100,30
37,0.77,0.76,0.1,0.1,5,300,20
17,0.77,0.76,0.1,0.1,3,400,20
69,0.77,0.76,0.1,0.1,7,400,40
770,0.77,0.76,0.5,0.01,7,400,50
1151,0.77,0.76,0.7,0.001,7,100,10
602,0.77,0.77,0.5,0.1,3,100,20
1052,0.77,0.76,0.7,0.01,7,100,20
1359,0.77,0.76,0.9,0.01,7,200,40
1044,0.77,0.76,0.7,0.01,5,400,40
1499,0.77,0.76,0.9,0.001,9,500,40
1085,0.77,0.76,0.7,0.01,9,200,50
81,0.77,0.75,0.1,0.1,9,200,10
44,0.77,0.76,0.1,0.1,5,400,40
1452,0.77,0.76,0.9,0.001,7,100,20
789,0.77,0.76,0.5,0.01,9,300,40
1345,0.77,0.76,0.9,0.01,5,400,50
1337,0.77,0.76,0.9,0.01,5,300,20
904,0.77,0.77,0.7,0.1,3,100,40
1494,0.77,0.76,0.9,0.001,9,400,40
24,0.77,0.76,0.1,0.1,3,500,40
743,0.77,0.76,0.5,0.01,5,400,30
1037,0.77,0.76,0.7,0.01,5,300,20
1489,0.77,0.76,0.9,0.001,9,300,40
491,0.77,0.75,0.3,0.01,9,400,10
603,0.77,0.77,0.5,0.1,3,100,30
1205,0.77,0.77,0.9,0.1,3,100,50
750,0.77,0.76,0.5,0.01,5,500,50
1458,0.77,0.76,0.9,0.001,7,200,30
56,0.77,0.75,0.1,0.1,7,200,10
11,0.77,0.76,0.1,0.1,3,300,10
905,0.77,0.77,0.7,0.1,3,100,50
1463,0.77,0.76,0.9,0.001,7,300,30
1059,0.77,0.76,0.7,0.01,7,200,40
18,0.77,0.76,0.1,0.1,3,400,30
736,0.77,0.76,0.5,0.01,5,300,10
1338,0.77,0.76,0.9,0.01,5,300,30
604,0.77,0.77,0.5,0.1,3,100,40
1479,0.77,0.76,0.9,0.001,9,100,40
1484,0.77,0.76,0.9,0.001,9,200,40
497,0.77,0.75,0.3,0.01,9,500,20
1453,0.77,0.76,0.9,0.001,7,100,30
88,0.77,0.76,0.1,0.1,9,300,30
63,0.77,0.76,0.1,0.1,7,300,30
1198,0.77,0.76,0.7,0.001,9,500,30
1172,0.77,0.76,0.7,0.001,7,500,20
25,0.77,0.76,0.1,0.1,3,500,50
1038,0.77,0.76,0.7,0.01,5,300,30
1468,0.77,0.76,0.9,0.001,7,400,30
1045,0.77,0.76,0.7,0.01,5,400,50
1331,0.77,0.76,0.9,0.01,5,200,10
764,0.77,0.75,0.5,0.01,7,300,40
1360,0.77,0.76,0.9,0.01,7,200,50
1380,0.77,0.76,0.9,0.01,9,100,50
301,0.77,0.76,0.3,0.1,3,100,10
70,0.77,0.76,0.1,0.1,7,400,50
1353,0.77,0.76,0.9,0.01,7,100,30
95,0.77,0.76,0.1,0.1,9,400,50
1193,0.77,0.76,0.7,0.001,9,400,30
1500,0.77,0.76,0.9,0.001,9,500,50
38,0.77,0.76,0.1,0.1,5,300,30
1188,0.77,0.76,0.7,0.001,9,300,30
45,0.77,0.76,0.1,0.1,5,400,50
1473,0.77,0.76,0.9,0.001,7,500,30
757,0.77,0.75,0.5,0.01,7,200,20
1162,0.77,0.76,0.7,0.001,7,300,20
605,0.77,0.77,0.5,0.1,3,100,50
1167,0.77,0.76,0.7,0.001,7,400,20
896,0.77,0.75,0.5,0.001,9,500,10
19,0.77,0.76,0.1,0.1,3,400,40
1495,0.77,0.76,0.9,0.001,9,400,50
1178,0.77,0.75,0.7,0.001,9,100,30
1490,0.77,0.76,0.9,0.001,9,300,50
790,0.77,0.75,0.5,0.01,9,300,50
744,0.77,0.76,0.5,0.01,5,400,40
1339,0.77,0.76,0.9,0.01,5,300,40
1183,0.77,0.75,0.7,0.001,9,200,30
1157,0.77,0.75,0.7,0.001,7,200,20
302,0.77,0.76,0.3,0.1,3,100,20
1031,0.77,0.76,0.7,0.01,5,200,10
1485,0.77,0.76,0.9,0.001,9,200,50
1152,0.77,0.75,0.7,0.001,7,100,20
472,0.77,0.75,0.3,0.01,7,500,20
1053,0.77,0.75,0.7,0.01,7,100,30
783,0.77,0.75,0.5,0.01,9,200,30
891,0.77,0.75,0.5,0.001,9,400,10
12,0.77,0.76,0.1,0.1,3,300,20
737,0.77,0.75,0.5,0.01,5,300,20
1480,0.77,0.76,0.9,0.001,9,100,50
1332,0.77,0.76,0.9,0.01,5,200,20
1079,0.77,0.75,0.7,0.01,9,100,40
1039,0.77,0.76,0.7,0.01,5,300,40
31,0.77,0.75,0.1,0.1,5,200,10
64,0.77,0.76,0.1,0.1,7,300,40
1340,0.77,0.76,0.9,0.01,5,300,50
1354,0.77,0.75,0.9,0.01,7,100,40
89,0.77,0.76,0.1,0.1,9,300,40
466,0.77,0.75,0.3,0.01,7,400,10
1454,0.77,0.75,0.9,0.001,7,100,40
765,0.77,0.75,0.5,0.01,7,300,50
39,0.77,0.76,0.1,0.1,5,300,40
1464,0.76,0.76,0.9,0.001,7,300,40
1459,0.76,0.75,0.9,0.001,7,200,40
1469,0.76,0.75,0.9,0.001,7,400,40
20,0.76,0.76,0.1,0.1,3,400,50
1060,0.76,0.75,0.7,0.01,7,200,50
886,0.76,0.74,0.5,0.001,9,300,10
446,0.76,0.75,0.3,0.01,5,500,10
1032,0.76,0.75,0.7,0.01,5,200,20
303,0.76,0.76,0.3,0.1,3,100,30
1040,0.76,0.76,0.7,0.01,5,300,50
751,0.76,0.75,0.5,0.01,7,100,10
745,0.76,0.75,0.5,0.01,5,400,50
13,0.76,0.76,0.1,0.1,3,300,30
65,0.76,0.75,0.1,0.1,7,300,50
90,0.76,0.75,0.1,0.1,9,300,50
1173,0.76,0.75,0.7,0.001,7,500,30
1333,0.76,0.75,0.9,0.01,5,200,30
498,0.76,0.75,0.3,0.01,9,500,30
1163,0.76,0.75,0.7,0.001,7,300,30
1168,0.76,0.75,0.7,0.001,7,400,30
1189,0.76,0.75,0.7,0.001,9,300,40
304,0.76,0.76,0.3,0.1,3,100,40
1199,0.76,0.75,0.7,0.001,9,500,40
40,0.76,0.75,0.1,0.1,5,300,50
1194,0.76,0.75,0.7,0.001,9,400,40
1153,0.76,0.75,0.7,0.001,7,100,30
1474,0.76,0.75,0.9,0.001,7,500,40
758,0.76,0.75,0.5,0.01,7,200,30
738,0.76,0.75,0.5,0.01,5,300,30
881,0.76,0.74,0.5,0.001,9,200,10
777,0.76,0.75,0.5,0.01,9,100,20
1460,0.76,0.75,0.9,0.001,7,200,50
1184,0.76,0.75,0.7,0.001,9,200,40
1033,0.76,0.75,0.7,0.01,5,200,30
82,0.76,0.75,0.1,0.1,9,200,20
1465,0.76,0.75,0.9,0.001,7,300,50
1355,0.76,0.75,0.9,0.01,7,100,50
1179,0.76,0.75,0.7,0.001,9,100,40
784,0.76,0.75,0.5,0.01,9,200,40
1158,0.76,0.75,0.7,0.001,7,200,30
57,0.76,0.75,0.1,0.1,7,200,20
473,0.76,0.75,0.3,0.01,7,500,30
1334,0.76,0.75,0.9,0.01,5,200,40
14,0.76,0.75,0.1,0.1,3,300,40
1455,0.76,0.75,0.9,0.001,7,100,50
1321,0.76,0.76,0.9,0.01,3,500,10
1080,0.76,0.75,0.7,0.01,9,100,50
876,0.76,0.74,0.5,0.001,9,100,10
305,0.76,0.76,0.3,0.1,3,100,50
1335,0.76,0.75,0.9,0.01,5,200,50
1326,0.76,0.75,0.9,0.01,5,100,10
447,0.76,0.75,0.3,0.01,5,500,20
32,0.76,0.75,0.1,0.1,5,200,20
1054,0.76,0.75,0.7,0.01,7,100,40
492,0.76,0.74,0.3,0.01,9,400,20
15,0.76,0.75,0.1,0.1,3,300,50
1021,0.76,0.75,0.7,0.01,3,500,10
731,0.76,0.75,0.5,0.01,5,200,10
1322,0.76,0.75,0.9,0.01,3,500,20
1164,0.76,0.75,0.7,0.001,7,300,40
1022,0.76,0.75,0.7,0.01,3,500,20
739,0.76,0.75,0.5,0.01,5,300,40
499,0.76,0.74,0.3,0.01,9,500,40
1470,0.76,0.75,0.9,0.001,7,400,50
1190,0.76,0.75,0.7,0.001,9,300,50
1180,0.76,0.75,0.7,0.001,9,100,50
1169,0.76,0.75,0.7,0.001,7,400,40
1475,0.76,0.75,0.9,0.001,7,500,50
1323,0.76,0.75,0.9,0.01,3,500,30
1034,0.76,0.75,0.7,0.01,5,200,40
1195,0.76,0.75,0.7,0.001,9,400,50
759,0.76,0.75,0.5,0.01,7,200,40
1185,0.76,0.75,0.7,0.001,9,200,50
1159,0.76,0.75,0.7,0.001,7,200,40
486,0.76,0.74,0.3,0.01,9,300,10
83,0.76,0.75,0.1,0.1,9,200,30
871,0.76,0.74,0.5,0.001,7,500,10
1154,0.76,0.75,0.7,0.001,7,100,40
1327,0.76,0.75,0.9,0.01,5,100,20
1200,0.76,0.75,0.7,0.001,9,500,50
1023,0.76,0.75,0.7,0.01,3,500,30
1174,0.76,0.75,0.7,0.001,7,500,40
467,0.76,0.74,0.3,0.01,7,400,20
58,0.76,0.75,0.1,0.1,7,200,30
1026,0.76,0.75,0.7,0.01,5,100,10
474,0.76,0.74,0.3,0.01,7,500,40
6,0.76,0.75,0.1,0.1,3,200,10
1324,0.76,0.75,0.9,0.01,3,500,40
1055,0.76,0.75,0.7,0.01,7,100,50
752,0.76,0.74,0.5,0.01,7,100,20
785,0.76,0.74,0.5,0.01,9,200,50
1035,0.76,0.75,0.7,0.01,5,200,50
33,0.76,0.74,0.1,0.1,5,200,30
448,0.76,0.74,0.3,0.01,5,500,30
1024,0.76,0.75,0.7,0.01,3,500,40
1325,0.76,0.75,0.9,0.01,3,500,50
721,0.76,0.75,0.5,0.01,3,500,10
866,0.76,0.74,0.5,0.001,7,400,10
740,0.76,0.75,0.5,0.01,5,300,50
897,0.76,0.74,0.5,0.001,9,500,20
1155,0.76,0.75,0.7,0.001,7,100,50
500,0.76,0.74,0.3,0.01,9,500,50
1025,0.76,0.75,0.7,0.01,3,500,50
441,0.76,0.74,0.3,0.01,5,400,10
778,0.75,0.74,0.5,0.01,9,100,30
732,0.75,0.74,0.5,0.01,5,200,20
59,0.75,0.74,0.1,0.1,7,200,40
1160,0.75,0.75,0.7,0.001,7,200,50
1328,0.75,0.75,0.9,0.01,5,100,30
861,0.75,0.74,0.5,0.001,7,300,10
722,0.75,0.75,0.5,0.01,3,500,20
1027,0.75,0.75,0.7,0.01,5,100,20
84,0.75,0.74,0.1,0.1,9,200,40
7,0.75,0.75,0.1,0.1,3,200,20
760,0.75,0.74,0.5,0.01,7,200,50
1165,0.75,0.75,0.7,0.001,7,300,50
892,0.75,0.74,0.5,0.001,9,400,20
493,0.75,0.74,0.3,0.01,9,400,30
475,0.75,0.74,0.3,0.01,7,500,50
34,0.75,0.74,0.1,0.1,5,200,40
723,0.75,0.75,0.5,0.01,3,500,30
1016,0.75,0.75,0.7,0.01,3,400,10
1316,0.75,0.75,0.9,0.01,3,400,10
1175,0.75,0.74,0.7,0.001,7,500,50
1170,0.75,0.75,0.7,0.001,7,400,50
887,0.75,0.74,0.5,0.001,9,300,20
449,0.75,0.74,0.3,0.01,5,500,40
856,0.75,0.74,0.5,0.001,7,200,10
461,0.75,0.74,0.3,0.01,7,300,10
1329,0.75,0.74,0.9,0.01,5,100,40
1446,0.75,0.74,0.9,0.001,5,500,10
1017,0.75,0.75,0.7,0.01,3,400,20
1317,0.75,0.75,0.9,0.01,3,400,20
733,0.75,0.74,0.5,0.01,5,200,30
1426,0.75,0.74,0.9,0.001,5,100,10
1146,0.75,0.74,0.7,0.001,5,500,10
1441,0.75,0.74,0.9,0.001,5,400,10
1436,0.75,0.74,0.9,0.001,5,300,10
60,0.75,0.74,0.1,0.1,7,200,50
8,0.75,0.74,0.1,0.1,3,200,30
85,0.75,0.74,0.1,0.1,9,200,50
724,0.75,0.75,0.5,0.01,3,500,40
851,0.75,0.74,0.5,0.001,7,100,10
1431,0.75,0.74,0.9,0.001,5,200,10
468,0.75,0.74,0.3,0.01,7,400,30
753,0.75,0.74,0.5,0.01,7,100,30
35,0.75,0.74,0.1,0.1,5,200,50
1141,0.75,0.74,0.7,0.001,5,400,10
1318,0.75,0.75,0.9,0.01,3,400,30
1028,0.75,0.74,0.7,0.01,5,100,30
1427,0.75,0.74,0.9,0.001,5,100,20
1018,0.75,0.74,0.7,0.01,3,400,30
882,0.75,0.74,0.5,0.001,9,200,20
872,0.75,0.74,0.5,0.001,7,500,20
1330,0.75,0.74,0.9,0.01,5,100,50
450,0.75,0.74,0.3,0.01,5,500,50
725,0.75,0.74,0.5,0.01,3,500,50
1319,0.75,0.75,0.9,0.01,3,400,40
734,0.75,0.74,0.5,0.01,5,200,40
9,0.75,0.74,0.1,0.1,3,200,40
877,0.75,0.73,0.5,0.001,9,100,20
779,0.75,0.74,0.5,0.01,9,100,40
1126,0.75,0.74,0.7,0.001,5,100,10
442,0.75,0.74,0.3,0.01,5,400,20
1136,0.75,0.74,0.7,0.001,5,300,10
716,0.75,0.74,0.5,0.01,3,400,10
1019,0.75,0.74,0.7,0.01,3,400,40
1447,0.75,0.74,0.9,0.001,5,500,20
726,0.75,0.74,0.5,0.01,5,100,10
1029,0.75,0.74,0.7,0.01,5,100,40
867,0.75,0.74,0.5,0.001,7,400,20
1320,0.75,0.75,0.9,0.01,3,400,50
1428,0.75,0.74,0.9,0.001,5,100,30
1147,0.75,0.74,0.7,0.001,5,500,20
1131,0.75,0.74,0.7,0.001,5,200,10
494,0.75,0.73,0.3,0.01,9,400,40
1442,0.75,0.74,0.9,0.001,5,400,20
1432,0.75,0.74,0.9,0.001,5,200,20
10,0.75,0.74,0.1,0.1,3,200,50
717,0.75,0.74,0.5,0.01,3,400,20
1020,0.75,0.74,0.7,0.01,3,400,50
1437,0.75,0.74,0.9,0.001,5,300,20
862,0.75,0.74,0.5,0.001,7,300,20
898,0.75,0.73,0.5,0.001,9,500,30
735,0.75,0.74,0.5,0.01,5,200,50
754,0.75,0.74,0.5,0.01,7,100,40
1448,0.75,0.74,0.9,0.001,5,500,30
1142,0.75,0.74,0.7,0.001,5,400,20
469,0.75,0.73,0.3,0.01,7,400,40
1443,0.75,0.74,0.9,0.001,5,400,30
487,0.75,0.73,0.3,0.01,9,300,20
1311,0.75,0.74,0.9,0.01,3,300,10
1030,0.75,0.74,0.7,0.01,5,100,50
893,0.75,0.73,0.5,0.001,9,400,30
443,0.75,0.73,0.3,0.01,5,400,30
718,0.75,0.74,0.5,0.01,3,400,30
1148,0.75,0.74,0.7,0.001,5,500,30
1312,0.74,0.74,0.9,0.01,3,300,20
1137,0.74,0.74,0.7,0.001,5,300,20
1429,0.74,0.74,0.9,0.001,5,100,40
1433,0.74,0.74,0.9,0.001,5,200,30
857,0.74,0.73,0.5,0.001,7,200,20
1127,0.74,0.74,0.7,0.001,5,100,20
780,0.74,0.73,0.5,0.01,9,100,50
1011,0.74,0.74,0.7,0.01,3,300,10
888,0.74,0.73,0.5,0.001,9,300,30
852,0.74,0.73,0.5,0.001,7,100,20
495,0.74,0.73,0.3,0.01,9,400,50
719,0.74,0.74,0.5,0.01,3,400,40
727,0.74,0.74,0.5,0.01,5,100,20
462,0.74,0.73,0.3,0.01,7,300,20
1313,0.74,0.74,0.9,0.01,3,300,30
1449,0.74,0.74,0.9,0.001,5,500,40
1314,0.74,0.74,0.9,0.01,3,300,40
1132,0.74,0.74,0.7,0.001,5,200,20
1438,0.74,0.74,0.9,0.001,5,300,30
1430,0.74,0.74,0.9,0.001,5,100,50
873,0.74,0.73,0.5,0.001,7,500,30
1143,0.74,0.74,0.7,0.001,5,400,30
470,0.74,0.73,0.3,0.01,7,400,50
1012,0.74,0.74,0.7,0.01,3,300,20
1315,0.74,0.74,0.9,0.01,3,300,50
720,0.74,0.74,0.5,0.01,3,400,50
1444,0.74,0.74,0.9,0.001,5,400,40
755,0.74,0.73,0.5,0.01,7,100,50
1450,0.74,0.74,0.9,0.001,5,500,50
1149,0.74,0.74,0.7,0.001,5,500,40
883,0.74,0.73,0.5,0.001,9,200,30
868,0.74,0.73,0.5,0.001,7,400,30
421,0.74,0.74,0.3,0.01,3,500,10
444,0.74,0.73,0.3,0.01,5,400,40
1013,0.74,0.74,0.7,0.01,3,300,30
1128,0.74,0.74,0.7,0.001,5,100,30
1133,0.74,0.73,0.7,0.001,5,200,30
878,0.74,0.73,0.5,0.001,9,100,30
1138,0.74,0.74,0.7,0.001,5,300,30
899,0.74,0.73,0.5,0.001,9,500,40
1445,0.74,0.73,0.9,0.001,5,400,50
1150,0.74,0.74,0.7,0.001,5,500,50
1434,0.74,0.73,0.9,0.001,5,200,40
863,0.74,0.73,0.5,0.001,7,300,30
1144,0.74,0.74,0.7,0.001,5,400,40
436,0.74,0.73,0.3,0.01,5,300,10
1014,0.74,0.74,0.7,0.01,3,300,40
728,0.74,0.73,0.5,0.01,5,100,30
846,0.74,0.73,0.5,0.001,5,500,10
1439,0.74,0.73,0.9,0.001,5,300,40
894,0.74,0.73,0.5,0.001,9,400,40
488,0.74,0.73,0.3,0.01,9,300,30
711,0.74,0.74,0.5,0.01,3,300,10
422,0.74,0.73,0.3,0.01,3,500,20
481,0.74,0.72,0.3,0.01,9,200,10
1306,0.74,0.74,0.9,0.01,3,200,10
1139,0.74,0.73,0.7,0.001,5,300,40
1145,0.74,0.73,0.7,0.001,5,400,50
1015,0.74,0.74,0.7,0.01,3,300,50
1435,0.74,0.73,0.9,0.001,5,200,50
1129,0.74,0.73,0.7,0.001,5,100,40
1134,0.74,0.73,0.7,0.001,5,200,40
841,0.74,0.73,0.5,0.001,5,400,10
1440,0.74,0.73,0.9,0.001,5,300,50
858,0.74,0.73,0.5,0.001,7,200,30
1307,0.74,0.74,0.9,0.01,3,200,20
874,0.74,0.73,0.5,0.001,7,500,40
889,0.74,0.73,0.5,0.001,9,300,40
712,0.74,0.74,0.5,0.01,3,300,20
729,0.74,0.73,0.5,0.01,5,100,40
1130,0.74,0.73,0.7,0.001,5,100,50
423,0.74,0.73,0.3,0.01,3,500,30
445,0.74,0.73,0.3,0.01,5,400,50
1140,0.74,0.73,0.7,0.001,5,300,50
853,0.74,0.73,0.5,0.001,7,100,30
463,0.74,0.73,0.3,0.01,7,300,30
1308,0.74,0.73,0.9,0.01,3,200,30
869,0.74,0.73,0.5,0.001,7,400,40
836,0.74,0.73,0.5,0.001,5,300,10
713,0.74,0.74,0.5,0.01,3,300,30
1006,0.74,0.74,0.7,0.01,3,200,10
900,0.74,0.72,0.5,0.001,9,500,50
424,0.74,0.73,0.3,0.01,3,500,40
884,0.74,0.72,0.5,0.001,9,200,40
1135,0.74,0.73,0.7,0.001,5,200,50
847,0.74,0.73,0.5,0.001,5,500,20
730,0.74,0.73,0.5,0.01,5,100,50
879,0.74,0.72,0.5,0.001,9,100,40
1309,0.74,0.73,0.9,0.01,3,200,40
1007,0.74,0.73,0.7,0.01,3,200,20
864,0.74,0.73,0.5,0.001,7,300,40
437,0.74,0.72,0.3,0.01,5,300,20
1310,0.74,0.73,0.9,0.01,3,200,50
831,0.74,0.73,0.5,0.001,5,200,10
895,0.73,0.72,0.5,0.001,9,400,50
842,0.73,0.73,0.5,0.001,5,400,20
456,0.73,0.72,0.3,0.01,7,200,10
714,0.73,0.73,0.5,0.01,3,300,40
1008,0.73,0.73,0.7,0.01,3,200,30
826,0.73,0.72,0.5,0.001,5,100,10
425,0.73,0.73,0.3,0.01,3,500,50
1009,0.73,0.73,0.7,0.01,3,200,40
890,0.73,0.72,0.5,0.001,9,300,50
859,0.73,0.72,0.5,0.001,7,200,40
489,0.73,0.72,0.3,0.01,9,300,40
1010,0.73,0.73,0.7,0.01,3,200,50
715,0.73,0.73,0.5,0.01,3,300,50
76,0.73,0.72,0.1,0.1,9,100,10
837,0.73,0.73,0.5,0.001,5,300,20
875,0.73,0.72,0.5,0.001,7,500,50
854,0.73,0.72,0.5,0.001,7,100,40
848,0.73,0.73,0.5,0.001,5,500,30
870,0.73,0.72,0.5,0.001,7,400,50
51,0.73,0.72,0.1,0.1,7,100,10
464,0.73,0.72,0.3,0.01,7,300,40
832,0.73,0.72,0.5,0.001,5,200,20
865,0.73,0.72,0.5,0.001,7,300,50
438,0.73,0.72,0.3,0.01,5,300,30
843,0.73,0.72,0.5,0.001,5,400,30
416,0.73,0.72,0.3,0.01,3,400,10
885,0.73,0.72,0.5,0.001,9,200,50
880,0.73,0.72,0.5,0.001,9,100,50
827,0.73,0.72,0.5,0.001,5,100,20
706,0.73,0.73,0.5,0.01,3,200,10
26,0.73,0.72,0.1,0.1,5,100,10
490,0.73,0.72,0.3,0.01,9,300,50
838,0.73,0.72,0.5,0.001,5,300,30
849,0.73,0.72,0.5,0.001,5,500,40
417,0.73,0.72,0.3,0.01,3,400,20
707,0.73,0.72,0.5,0.01,3,200,20
465,0.73,0.72,0.3,0.01,7,300,50
860,0.73,0.72,0.5,0.001,7,200,50
844,0.73,0.72,0.5,0.001,5,400,40
833,0.73,0.72,0.5,0.001,5,200,30
482,0.73,0.71,0.3,0.01,9,200,20
855,0.73,0.72,0.5,0.001,7,100,50
828,0.73,0.72,0.5,0.001,5,100,30
439,0.73,0.72,0.3,0.01,5,300,40
708,0.73,0.72,0.5,0.01,3,200,30
418,0.73,0.72,0.3,0.01,3,400,30
839,0.73,0.72,0.5,0.001,5,300,40
77,0.73,0.71,0.1,0.1,9,100,20
850,0.73,0.72,0.5,0.001,5,500,50
52,0.73,0.71,0.1,0.1,7,100,20
709,0.73,0.72,0.5,0.01,3,200,40
419,0.72,0.72,0.3,0.01,3,400,40
845,0.72,0.72,0.5,0.001,5,400,50
1001,0.72,0.72,0.7,0.01,3,100,10
710,0.72,0.72,0.5,0.01,3,200,50
829,0.72,0.72,0.5,0.001,5,100,40
834,0.72,0.72,0.5,0.001,5,200,40
27,0.72,0.71,0.1,0.1,5,100,20
457,0.72,0.71,0.3,0.01,7,200,20
1002,0.72,0.72,0.7,0.01,3,100,20
440,0.72,0.72,0.3,0.01,5,300,50
1003,0.72,0.72,0.7,0.01,3,100,30
840,0.72,0.72,0.5,0.001,5,300,50
420,0.72,0.72,0.3,0.01,3,400,50
1302,0.72,0.72,0.9,0.01,3,100,20
1301,0.72,0.72,0.9,0.01,3,100,10
431,0.72,0.71,0.3,0.01,5,200,10
78,0.72,0.71,0.1,0.1,9,100,30
53,0.72,0.71,0.1,0.1,7,100,30
1004,0.72,0.72,0.7,0.01,3,100,40
1303,0.72,0.72,0.9,0.01,3,100,30
28,0.72,0.71,0.1,0.1,5,100,30
1421,0.72,0.72,0.9,0.001,3,500,10
1005,0.72,0.72,0.7,0.01,3,100,50
835,0.72,0.71,0.5,0.001,5,200,50
1401,0.72,0.71,0.9,0.001,3,100,10
483,0.72,0.71,0.3,0.01,9,200,30
1,0.72,0.71,0.1,0.1,3,100,10
830,0.72,0.71,0.5,0.001,5,100,50
1422,0.72,0.72,0.9,0.001,3,500,20
1121,0.72,0.72,0.7,0.001,3,500,10
1402,0.72,0.71,0.9,0.001,3,100,20
1416,0.72,0.71,0.9,0.001,3,400,10
1417,0.72,0.71,0.9,0.001,3,400,20
701,0.72,0.72,0.5,0.01,3,100,10
1304,0.72,0.72,0.9,0.01,3,100,40
54,0.72,0.71,0.1,0.1,7,100,40
1116,0.72,0.71,0.7,0.001,3,400,10
458,0.72,0.71,0.3,0.01,7,200,30
1423,0.72,0.71,0.9,0.001,3,500,30
702,0.72,0.71,0.5,0.01,3,100,20
79,0.72,0.71,0.1,0.1,9,100,40
1418,0.72,0.71,0.9,0.001,3,400,30
1305,0.72,0.72,0.9,0.01,3,100,50
476,0.72,0.70,0.3,0.01,9,100,10
1412,0.72,0.71,0.9,0.001,3,300,20
1411,0.72,0.71,0.9,0.001,3,300,10
1111,0.72,0.71,0.7,0.001,3,300,10
29,0.72,0.71,0.1,0.1,5,100,40
1122,0.72,0.71,0.7,0.001,3,500,20
1101,0.72,0.71,0.7,0.001,3,100,10
1424,0.72,0.72,0.9,0.001,3,500,40
411,0.72,0.71,0.3,0.01,3,300,10
1419,0.72,0.71,0.9,0.001,3,400,40
432,0.72,0.71,0.3,0.01,5,200,20
1406,0.72,0.71,0.9,0.001,3,200,10
1106,0.72,0.71,0.7,0.001,3,200,10
2,0.72,0.71,0.1,0.1,3,100,20
1413,0.72,0.71,0.9,0.001,3,300,30
1408,0.72,0.71,0.9,0.001,3,200,30
1117,0.72,0.71,0.7,0.001,3,400,20
1403,0.72,0.71,0.9,0.001,3,100,30
1407,0.72,0.71,0.9,0.001,3,200,20
1112,0.72,0.71,0.7,0.001,3,300,20
703,0.72,0.71,0.5,0.01,3,100,30
1107,0.72,0.71,0.7,0.001,3,200,20
1102,0.72,0.71,0.7,0.001,3,100,20
1414,0.71,0.71,0.9,0.001,3,300,40
3,0.71,0.71,0.1,0.1,3,100,30
484,0.71,0.70,0.3,0.01,9,200,40
1425,0.71,0.71,0.9,0.001,3,500,50
80,0.71,0.71,0.1,0.1,9,100,50
55,0.71,0.71,0.1,0.1,7,100,50
412,0.71,0.71,0.3,0.01,3,300,20
30,0.71,0.71,0.1,0.1,5,100,50
1123,0.71,0.71,0.7,0.001,3,500,30
704,0.71,0.71,0.5,0.01,3,100,40
459,0.71,0.70,0.3,0.01,7,200,40
433,0.71,0.70,0.3,0.01,5,200,30
1124,0.71,0.71,0.7,0.001,3,500,40
4,0.71,0.70,0.1,0.1,3,100,40
1420,0.71,0.71,0.9,0.001,3,400,50
1409,0.71,0.71,0.9,0.001,3,200,40
1108,0.71,0.71,0.7,0.001,3,200,30
1103,0.71,0.71,0.7,0.001,3,100,30
1113,0.71,0.71,0.7,0.001,3,300,30
1118,0.71,0.71,0.7,0.001,3,400,30
451,0.71,0.70,0.3,0.01,7,100,10
1415,0.71,0.71,0.9,0.001,3,300,50
413,0.71,0.71,0.3,0.01,3,300,30
1109,0.71,0.71,0.7,0.001,3,200,40
1104,0.71,0.71,0.7,0.001,3,100,40
705,0.71,0.71,0.5,0.01,3,100,50
1119,0.71,0.71,0.7,0.001,3,400,40
1125,0.71,0.71,0.7,0.001,3,500,50
1114,0.71,0.71,0.7,0.001,3,300,40
485,0.71,0.70,0.3,0.01,9,200,50
1105,0.71,0.71,0.7,0.001,3,100,50
5,0.71,0.70,0.1,0.1,3,100,50
1110,0.71,0.71,0.7,0.001,3,200,50
460,0.71,0.70,0.3,0.01,7,200,50
414,0.71,0.70,0.3,0.01,3,300,40
1115,0.71,0.71,0.7,0.001,3,300,50
434,0.71,0.70,0.3,0.01,5,200,40
1120,0.71,0.71,0.7,0.001,3,400,50
821,0.71,0.71,0.5,0.001,3,500,10
1405,0.71,0.70,0.9,0.001,3,100,50
1410,0.71,0.71,0.9,0.001,3,200,50
1404,0.71,0.70,0.9,0.001,3,100,40
415,0.71,0.70,0.3,0.01,3,300,50
435,0.71,0.70,0.3,0.01,5,200,50
477,0.71,0.69,0.3,0.01,9,100,20
816,0.71,0.70,0.5,0.001,3,400,10
596,0.71,0.69,0.3,0.001,9,500,10
822,0.70,0.70,0.5,0.001,3,500,20
452,0.70,0.69,0.3,0.01,7,100,20
811,0.70,0.70,0.5,0.001,3,300,10
817,0.70,0.70,0.5,0.001,3,400,20
823,0.70,0.70,0.5,0.001,3,500,30
812,0.70,0.70,0.5,0.001,3,300,20
801,0.70,0.70,0.5,0.001,3,100,10
591,0.70,0.69,0.3,0.001,9,400,10
806,0.70,0.70,0.5,0.001,3,200,10
824,0.70,0.70,0.5,0.001,3,500,40
818,0.70,0.70,0.5,0.001,3,400,30
426,0.70,0.69,0.3,0.01,5,100,10
802,0.70,0.70,0.5,0.001,3,100,20
813,0.70,0.70,0.5,0.001,3,300,30
807,0.70,0.70,0.5,0.001,3,200,20
819,0.70,0.70,0.5,0.001,3,400,40
478,0.70,0.69,0.3,0.01,9,100,30
571,0.70,0.69,0.3,0.001,7,500,10
825,0.70,0.70,0.5,0.001,3,500,50
586,0.70,0.69,0.3,0.001,9,300,10
814,0.70,0.69,0.5,0.001,3,300,40
803,0.70,0.69,0.5,0.001,3,100,30
808,0.70,0.69,0.5,0.001,3,200,30
453,0.70,0.69,0.3,0.01,7,100,30
820,0.70,0.69,0.5,0.001,3,400,50
406,0.70,0.69,0.3,0.01,3,200,10
566,0.70,0.69,0.3,0.001,7,400,10
427,0.70,0.69,0.3,0.01,5,100,20
581,0.70,0.69,0.3,0.001,9,200,10
809,0.70,0.69,0.5,0.001,3,200,40
804,0.70,0.69,0.5,0.001,3,100,40
815,0.70,0.69,0.5,0.001,3,300,50
407,0.70,0.69,0.3,0.01,3,200,20
561,0.70,0.69,0.3,0.001,7,300,10
479,0.70,0.69,0.3,0.01,9,100,40
597,0.70,0.69,0.3,0.001,9,500,20
408,0.69,0.69,0.3,0.01,3,200,30
454,0.69,0.69,0.3,0.01,7,100,40
576,0.69,0.68,0.3,0.001,9,100,10
810,0.69,0.69,0.5,0.001,3,200,50
409,0.69,0.69,0.3,0.01,3,200,40
805,0.69,0.69,0.5,0.001,3,100,50
428,0.69,0.69,0.3,0.01,5,100,30
572,0.69,0.69,0.3,0.001,7,500,20
592,0.69,0.68,0.3,0.001,9,400,20
556,0.69,0.68,0.3,0.001,7,200,10
410,0.69,0.69,0.3,0.01,3,200,50
480,0.69,0.68,0.3,0.01,9,100,50
455,0.69,0.68,0.3,0.01,7,100,50
587,0.69,0.68,0.3,0.001,9,300,20
429,0.69,0.68,0.3,0.01,5,100,40
567,0.69,0.68,0.3,0.001,7,400,20
551,0.69,0.68,0.3,0.001,7,100,10
546,0.69,0.68,0.3,0.001,5,500,10
598,0.69,0.68,0.3,0.001,9,500,30
430,0.69,0.68,0.3,0.01,5,100,50
562,0.69,0.68,0.3,0.001,7,300,20
541,0.69,0.68,0.3,0.001,5,400,10
573,0.69,0.68,0.3,0.001,7,500,30
582,0.69,0.68,0.3,0.001,9,200,20
593,0.69,0.68,0.3,0.001,9,400,30
536,0.69,0.68,0.3,0.001,5,300,10
547,0.69,0.68,0.3,0.001,5,500,20
196,0.69,0.68,0.1,0.01,9,500,10
557,0.69,0.68,0.3,0.001,7,200,20
171,0.69,0.68,0.1,0.01,7,500,10
577,0.68,0.68,0.3,0.001,9,100,20
568,0.68,0.68,0.3,0.001,7,400,30
588,0.68,0.68,0.3,0.001,9,300,30
599,0.68,0.68,0.3,0.001,9,500,40
542,0.68,0.68,0.3,0.001,5,400,20
552,0.68,0.68,0.3,0.001,7,100,20
531,0.68,0.68,0.3,0.001,5,200,10
574,0.68,0.68,0.3,0.001,7,500,40
563,0.68,0.68,0.3,0.001,7,300,30
146,0.68,0.68,0.1,0.01,5,500,10
548,0.68,0.68,0.3,0.001,5,500,30
594,0.68,0.68,0.3,0.001,9,400,40
537,0.68,0.68,0.3,0.001,5,300,20
583,0.68,0.67,0.3,0.001,9,200,30
569,0.68,0.68,0.3,0.001,7,400,40
600,0.68,0.68,0.3,0.001,9,500,50
526,0.68,0.67,0.3,0.001,5,100,10
401,0.68,0.68,0.3,0.01,3,100,10
589,0.68,0.67,0.3,0.001,9,300,40
558,0.68,0.67,0.3,0.001,7,200,30
543,0.68,0.68,0.3,0.001,5,400,30
575,0.68,0.68,0.3,0.001,7,500,50
197,0.68,0.67,0.1,0.01,9,500,20
172,0.68,0.67,0.1,0.01,7,500,20
564,0.68,0.67,0.3,0.001,7,300,40
402,0.68,0.68,0.3,0.01,3,100,20
549,0.68,0.68,0.3,0.001,5,500,40
595,0.68,0.67,0.3,0.001,9,400,50
578,0.68,0.67,0.3,0.001,9,100,30
532,0.68,0.67,0.3,0.001,5,200,20
147,0.68,0.67,0.1,0.01,5,500,20
570,0.68,0.67,0.3,0.001,7,400,50
538,0.68,0.67,0.3,0.001,5,300,30
590,0.68,0.67,0.3,0.001,9,300,50
544,0.68,0.67,0.3,0.001,5,400,40
403,0.68,0.67,0.3,0.01,3,100,30
553,0.68,0.67,0.3,0.001,7,100,30
550,0.68,0.67,0.3,0.001,5,500,50
584,0.68,0.67,0.3,0.001,9,200,40
565,0.68,0.67,0.3,0.001,7,300,50
404,0.68,0.67,0.3,0.01,3,100,40
559,0.68,0.67,0.3,0.001,7,200,40
527,0.68,0.67,0.3,0.001,5,100,20
405,0.68,0.67,0.3,0.01,3,100,50
173,0.68,0.67,0.1,0.01,7,500,30
198,0.67,0.67,0.1,0.01,9,500,30
539,0.67,0.67,0.3,0.001,5,300,40
533,0.67,0.67,0.3,0.001,5,200,30
545,0.67,0.67,0.3,0.001,5,400,50
148,0.67,0.67,0.1,0.01,5,500,30
121,0.67,0.67,0.1,0.01,3,500,10
579,0.67,0.67,0.3,0.001,9,100,40
585,0.67,0.67,0.3,0.001,9,200,50
554,0.67,0.67,0.3,0.001,7,100,40
560,0.67,0.67,0.3,0.001,7,200,50
540,0.67,0.67,0.3,0.001,5,300,50
528,0.67,0.67,0.3,0.001,5,100,30
199,0.67,0.67,0.1,0.01,9,500,40
174,0.67,0.67,0.1,0.01,7,500,40
534,0.67,0.67,0.3,0.001,5,200,40
122,0.67,0.67,0.1,0.01,3,500,20
580,0.67,0.67,0.3,0.001,9,100,50
149,0.67,0.66,0.1,0.01,5,500,40
555,0.67,0.67,0.3,0.001,7,100,50
191,0.67,0.66,0.1,0.01,9,400,10
535,0.67,0.67,0.3,0.001,5,200,50
166,0.67,0.66,0.1,0.01,7,400,10
529,0.67,0.66,0.3,0.001,5,100,40
175,0.67,0.66,0.1,0.01,7,500,50
123,0.67,0.66,0.1,0.01,3,500,30
200,0.67,0.66,0.1,0.01,9,500,50
150,0.67,0.66,0.1,0.01,5,500,50
521,0.67,0.66,0.3,0.001,3,500,10
141,0.67,0.66,0.1,0.01,5,400,10
530,0.67,0.66,0.3,0.001,5,100,50
124,0.67,0.66,0.1,0.01,3,500,40
522,0.67,0.66,0.3,0.001,3,500,20
516,0.67,0.66,0.3,0.001,3,400,10
523,0.67,0.66,0.3,0.001,3,500,30
125,0.67,0.66,0.1,0.01,3,500,50
517,0.66,0.66,0.3,0.001,3,400,20
524,0.66,0.66,0.3,0.001,3,500,40
511,0.66,0.66,0.3,0.001,3,300,10
167,0.66,0.66,0.1,0.01,7,400,20
192,0.66,0.66,0.1,0.01,9,400,20
525,0.66,0.66,0.3,0.001,3,500,50
518,0.66,0.66,0.3,0.001,3,400,30
142,0.66,0.66,0.1,0.01,5,400,20
512,0.66,0.66,0.3,0.001,3,300,20
519,0.66,0.66,0.3,0.001,3,400,40
513,0.66,0.66,0.3,0.001,3,300,30
520,0.66,0.66,0.3,0.001,3,400,50
514,0.66,0.66,0.3,0.001,3,300,40
506,0.66,0.66,0.3,0.001,3,200,10
515,0.66,0.66,0.3,0.001,3,300,50
116,0.66,0.65,0.1,0.01,3,400,10
193,0.66,0.66,0.1,0.01,9,400,30
168,0.66,0.66,0.1,0.01,7,400,30
501,0.66,0.66,0.3,0.001,3,100,10
507,0.66,0.66,0.3,0.001,3,200,20
143,0.66,0.66,0.1,0.01,5,400,30
508,0.66,0.66,0.3,0.001,3,200,30
117,0.66,0.65,0.1,0.01,3,400,20
509,0.66,0.66,0.3,0.001,3,200,40
502,0.66,0.66,0.3,0.001,3,100,20
510,0.66,0.65,0.3,0.001,3,200,50
194,0.66,0.65,0.1,0.01,9,400,40
169,0.66,0.65,0.1,0.01,7,400,40
144,0.66,0.65,0.1,0.01,5,400,40
503,0.66,0.65,0.3,0.001,3,100,30
118,0.66,0.65,0.1,0.01,3,400,30
504,0.66,0.65,0.3,0.001,3,100,40
505,0.66,0.65,0.3,0.001,3,100,50
170,0.66,0.65,0.1,0.01,7,400,50
195,0.66,0.65,0.1,0.01,9,400,50
145,0.66,0.65,0.1,0.01,5,400,50
119,0.66,0.65,0.1,0.01,3,400,40
120,0.65,0.65,0.1,0.01,3,400,50
186,0.65,0.64,0.1,0.01,9,300,10
161,0.65,0.64,0.1,0.01,7,300,10
136,0.65,0.64,0.1,0.01,5,300,10
187,0.65,0.64,0.1,0.01,9,300,20
162,0.65,0.64,0.1,0.01,7,300,20
137,0.65,0.64,0.1,0.01,5,300,20
111,0.64,0.64,0.1,0.01,3,300,10
188,0.64,0.64,0.1,0.01,9,300,30
163,0.64,0.64,0.1,0.01,7,300,30
138,0.64,0.64,0.1,0.01,5,300,30
112,0.64,0.64,0.1,0.01,3,300,20
189,0.64,0.64,0.1,0.01,9,300,40
164,0.64,0.64,0.1,0.01,7,300,40
139,0.64,0.64,0.1,0.01,5,300,40
113,0.64,0.63,0.1,0.01,3,300,30
190,0.64,0.63,0.1,0.01,9,300,50
165,0.64,0.63,0.1,0.01,7,300,50
140,0.64,0.63,0.1,0.01,5,300,50
114,0.64,0.63,0.1,0.01,3,300,40
115,0.64,0.63,0.1,0.01,3,300,50
181,0.63,0.62,0.1,0.01,9,200,10
156,0.63,0.62,0.1,0.01,7,200,10
131,0.63,0.62,0.1,0.01,5,200,10
182,0.63,0.62,0.1,0.01,9,200,20
157,0.63,0.62,0.1,0.01,7,200,20
132,0.62,0.62,0.1,0.01,5,200,20
106,0.62,0.62,0.1,0.01,3,200,10
158,0.62,0.62,0.1,0.01,7,200,30
183,0.62,0.62,0.1,0.01,9,200,30
133,0.62,0.62,0.1,0.01,5,200,30
107,0.62,0.61,0.1,0.01,3,200,20
184,0.62,0.61,0.1,0.01,9,200,40
159,0.62,0.61,0.1,0.01,7,200,40
134,0.62,0.61,0.1,0.01,5,200,40
108,0.62,0.61,0.1,0.01,3,200,30
185,0.62,0.61,0.1,0.01,9,200,50
160,0.62,0.61,0.1,0.01,7,200,50
135,0.62,0.61,0.1,0.01,5,200,50
109,0.62,0.61,0.1,0.01,3,200,40
110,0.62,0.61,0.1,0.01,3,200,50
176,0.61,0.60,0.1,0.01,9,100,10
151,0.61,0.60,0.1,0.01,7,100,10
126,0.61,0.60,0.1,0.01,5,100,10
271,0.61,0.60,0.1,0.001,7,500,10
296,0.61,0.60,0.1,0.001,9,500,10
291,0.61,0.60,0.1,0.001,9,400,10
266,0.61,0.60,0.1,0.001,7,400,10
246,0.61,0.60,0.1,0.001,5,500,10
241,0.61,0.60,0.1,0.001,5,400,10
177,0.61,0.60,0.1,0.01,9,100,20
152,0.61,0.60,0.1,0.01,7,100,20
286,0.61,0.60,0.1,0.001,9,300,10
127,0.61,0.60,0.1,0.01,5,100,20
261,0.61,0.60,0.1,0.001,7,300,10
236,0.61,0.60,0.1,0.001,5,300,10
101,0.61,0.60,0.1,0.01,3,100,10
272,0.61,0.60,0.1,0.001,7,500,20
297,0.61,0.60,0.1,0.001,9,500,20
267,0.61,0.60,0.1,0.001,7,400,20
292,0.61,0.60,0.1,0.001,9,400,20
153,0.61,0.60,0.1,0.01,7,100,30
178,0.61,0.60,0.1,0.01,9,100,30
128,0.61,0.60,0.1,0.01,5,100,30
247,0.61,0.60,0.1,0.001,5,500,20
242,0.61,0.60,0.1,0.001,5,400,20
102,0.61,0.60,0.1,0.01,3,100,20
221,0.61,0.60,0.1,0.001,3,500,10
216,0.61,0.60,0.1,0.001,3,400,10
256,0.61,0.60,0.1,0.001,7,200,10
281,0.61,0.60,0.1,0.001,9,200,10
231,0.61,0.60,0.1,0.001,5,200,10
287,0.61,0.60,0.1,0.001,9,300,20
154,0.61,0.60,0.1,0.01,7,100,40
179,0.61,0.60,0.1,0.01,9,100,40
262,0.61,0.60,0.1,0.001,7,300,20
273,0.61,0.60,0.1,0.001,7,500,30
298,0.61,0.60,0.1,0.001,9,500,30
237,0.61,0.60,0.1,0.001,5,300,20
248,0.61,0.60,0.1,0.001,5,500,30
293,0.61,0.60,0.1,0.001,9,400,30
103,0.61,0.60,0.1,0.01,3,100,30
129,0.61,0.60,0.1,0.01,5,100,40
268,0.61,0.60,0.1,0.001,7,400,30
211,0.61,0.60,0.1,0.001,3,300,10
222,0.61,0.60,0.1,0.001,3,500,20
243,0.61,0.60,0.1,0.001,5,400,30
217,0.61,0.60,0.1,0.001,3,400,20
104,0.61,0.60,0.1,0.01,3,100,40
130,0.61,0.60,0.1,0.01,5,100,50
232,0.61,0.60,0.1,0.001,5,200,20
238,0.61,0.60,0.1,0.001,5,300,30
251,0.61,0.60,0.1,0.001,7,100,10
257,0.61,0.60,0.1,0.001,7,200,20
263,0.61,0.60,0.1,0.001,7,300,30
276,0.61,0.60,0.1,0.001,9,100,10
282,0.61,0.60,0.1,0.001,9,200,20
288,0.61,0.60,0.1,0.001,9,300,30
155,0.61,0.60,0.1,0.01,7,100,50
180,0.61,0.60,0.1,0.01,9,100,50
223,0.61,0.60,0.1,0.001,3,500,30
226,0.61,0.60,0.1,0.001,5,100,10
249,0.61,0.60,0.1,0.001,5,500,40
274,0.61,0.60,0.1,0.001,7,500,40
299,0.61,0.60,0.1,0.001,9,500,40
105,0.61,0.60,0.1,0.01,3,100,50
244,0.61,0.60,0.1,0.001,5,400,40
269,0.61,0.60,0.1,0.001,7,400,40
294,0.61,0.60,0.1,0.001,9,400,40
206,0.61,0.60,0.1,0.001,3,200,10
212,0.61,0.60,0.1,0.001,3,300,20
245,0.61,0.60,0.1,0.001,5,400,50
250,0.61,0.60,0.1,0.001,5,500,50
270,0.61,0.60,0.1,0.001,7,400,50
275,0.61,0.60,0.1,0.001,7,500,50
295,0.61,0.60,0.1,0.001,9,400,50
300,0.61,0.60,0.1,0.001,9,500,50
201,0.61,0.60,0.1,0.001,3,100,10
202,0.61,0.60,0.1,0.001,3,100,20
203,0.61,0.60,0.1,0.001,3,100,30
204,0.61,0.60,0.1,0.001,3,100,40
205,0.61,0.60,0.1,0.001,3,100,50
207,0.61,0.60,0.1,0.001,3,200,20
208,0.61,0.60,0.1,0.001,3,200,30
209,0.61,0.60,0.1,0.001,3,200,40
210,0.61,0.60,0.1,0.001,3,200,50
213,0.61,0.60,0.1,0.001,3,300,30
214,0.61,0.60,0.1,0.001,3,300,40
215,0.61,0.60,0.1,0.001,3,300,50
218,0.61,0.60,0.1,0.001,3,400,30
219,0.61,0.60,0.1,0.001,3,400,40
220,0.61,0.60,0.1,0.001,3,400,50
224,0.61,0.60,0.1,0.001,3,500,40
225,0.61,0.60,0.1,0.001,3,500,50
227,0.61,0.60,0.1,0.001,5,100,20
228,0.61,0.60,0.1,0.001,5,100,30
229,0.61,0.60,0.1,0.001,5,100,40
230,0.61,0.60,0.1,0.001,5,100,50
233,0.61,0.60,0.1,0.001,5,200,30
234,0.61,0.60,0.1,0.001,5,200,40
235,0.61,0.60,0.1,0.001,5,200,50
239,0.61,0.60,0.1,0.001,5,300,40
240,0.61,0.60,0.1,0.001,5,300,50
252,0.61,0.60,0.1,0.001,7,100,20
253,0.61,0.60,0.1,0.001,7,100,30
254,0.61,0.60,0.1,0.001,7,100,40
255,0.61,0.60,0.1,0.001,7,100,50
258,0.61,0.60,0.1,0.001,7,200,30
259,0.61,0.60,0.1,0.001,7,200,40
260,0.61,0.60,0.1,0.001,7,200,50
264,0.61,0.60,0.1,0.001,7,300,40
265,0.61,0.60,0.1,0.001,7,300,50
277,0.61,0.60,0.1,0.001,9,100,20
278,0.61,0.60,0.1,0.001,9,100,30
279,0.61,0.60,0.1,0.001,9,100,40
280,0.61,0.60,0.1,0.001,9,100,50
283,0.61,0.60,0.1,0.001,9,200,30
284,0.61,0.60,0.1,0.001,9,200,40
285,0.61,0.60,0.1,0.001,9,200,50
289,0.61,0.60,0.1,0.001,9,300,40
290,0.61,0.60,0.1,0.001,9,300,50
